INSTANCE,DEF,MAXP,MAXPW,MINW,CCA,KNN,LOGREG,MLPC,RF,SVM
GA-DEF_EASY_100_000.kp,686,506,613,613,506,613,613,686,686,686
GA-DEF_EASY_100_001.kp,704,311,643,507,311,311,704,311,311,704
GA-DEF_EASY_100_002.kp,571,272,513,486,272,571,571,272,571,571
GA-DEF_EASY_100_003.kp,1046,711,975,975,711,1046,975,1046,1046,711
GA-DEF_EASY_100_004.kp,691,352,625,625,625,691,691,691,691,691
GA-DEF_EASY_100_005.kp,751,358,679,609,609,358,751,751,751,751
GA-DEF_EASY_100_006.kp,644,171,570,570,171,171,171,171,171,171
GA-DEF_EASY_100_007.kp,681,381,605,605,605,681,681,681,681,681
GA-DEF_EASY_100_008.kp,687,250,618,618,250,687,687,250,687,687
GA-DEF_EASY_100_009.kp,638,366,576,481,366,366,638,366,366,366
GA-DEF_EASY_100_010.kp,845,481,779,779,481,481,481,481,481,481
GA-DEF_EASY_100_011.kp,773,352,687,661,661,661,661,773,661,773
GA-DEF_EASY_100_012.kp,808,367,737,622,622,808,808,808,622,808
GA-DEF_EASY_100_013.kp,604,303,524,524,524,604,604,604,604,604
GA-DEF_EASY_100_014.kp,725,224,653,602,602,224,653,653,602,224
GA-DEF_EASY_100_015.kp,777,573,708,708,708,708,708,708,777,708
GA-DEF_EASY_100_016.kp,684,252,605,605,252,684,684,684,684,684
GA-DEF_EASY_100_017.kp,792,355,716,625,355,355,792,355,355,355
GA-DEF_EASY_100_018.kp,1007,450,940,918,450,450,1007,450,450,450
GA-DEF_EASY_100_019.kp,787,544,722,622,622,787,787,544,787,787
GA-DEF_EASY_100_020.kp,713,627,646,578,578,578,578,713,713,713
GA-DEF_EASY_100_021.kp,816,571,755,755,755,755,755,816,816,816
GA-DEF_EASY_100_022.kp,619,317,553,429,429,619,619,317,317,317
GA-DEF_EASY_100_023.kp,608,332,522,415,332,608,608,608,608,608
GA-DEF_EASY_100_024.kp,677,254,596,596,254,677,254,254,254,254
GA-DEF_EASY_100_025.kp,900,513,819,609,609,609,609,609,609,609
GA-DEF_EASY_100_026.kp,637,165,570,528,528,165,528,528,528,165
GA-DEF_EASY_100_027.kp,807,436,729,625,625,807,807,807,807,807
GA-DEF_EASY_100_028.kp,820,342,749,759,759,342,820,820,342,342
GA-DEF_EASY_100_029.kp,833,686,761,694,694,694,694,694,694,694
GA-DEF_EASY_100_030.kp,826,457,757,757,757,826,826,826,826,826
GA-DEF_EASY_100_031.kp,623,474,549,549,474,623,623,474,623,623
GA-DEF_EASY_100_032.kp,579,251,506,449,449,579,449,449,449,579
GA-DEF_EASY_100_033.kp,614,500,545,430,500,500,614,614,500,614
GA-DEF_EASY_100_034.kp,772,586,708,708,586,586,772,772,586,586
GA-DEF_EASY_100_035.kp,682,538,598,598,538,598,598,682,682,598
GA-DEF_EASY_100_036.kp,798,361,724,673,673,798,798,798,798,798
GA-DEF_EASY_100_037.kp,768,255,703,620,255,255,703,255,255,255
GA-DEF_EASY_100_038.kp,556,431,493,412,431,556,556,556,431,556
GA-DEF_EASY_100_039.kp,658,251,586,503,503,658,658,658,658,658
GA-DEF_EASY_100_040.kp,667,556,568,568,568,667,667,667,667,667
GA-DEF_EASY_100_041.kp,781,559,702,702,702,781,702,781,781,781
GA-DEF_EASY_100_042.kp,873,452,802,776,776,873,873,873,873,873
GA-DEF_EASY_100_043.kp,609,345,545,528,345,609,609,345,609,609
GA-DEF_EASY_100_044.kp,642,238,568,487,487,238,238,238,238,238
GA-DEF_EASY_100_045.kp,707,483,630,630,630,707,707,707,707,707
GA-DEF_EASY_100_046.kp,748,199,671,671,671,748,748,199,748,748
GA-DEF_EASY_100_047.kp,691,284,629,608,608,691,691,284,691,691
GA-DEF_EASY_100_048.kp,755,262,682,574,262,262,262,262,262,262
GA-DEF_EASY_100_049.kp,472,264,394,274,264,472,472,264,472,472
GA-DEF_EASY_100_050.kp,902,499,831,831,831,902,902,902,902,902
GA-DEF_EASY_100_051.kp,690,389,616,507,507,690,690,690,690,690
GA-DEF_EASY_100_052.kp,806,496,730,730,496,496,806,806,496,496
GA-DEF_EASY_100_053.kp,723,452,652,652,652,723,723,723,723,723
GA-DEF_EASY_100_054.kp,610,485,538,434,485,610,610,485,610,610
GA-DEF_EASY_100_055.kp,685,235,614,506,235,685,685,235,685,685
GA-DEF_EASY_100_056.kp,648,214,567,567,567,648,648,648,648,648
GA-DEF_EASY_100_057.kp,709,629,643,430,629,709,709,629,709,709
GA-DEF_EASY_100_058.kp,1074,808,996,996,996,996,996,996,996,996
GA-DEF_EASY_100_059.kp,814,557,744,638,557,557,557,814,557,557
GA-DEF_EASY_100_060.kp,799,542,720,607,607,799,799,542,799,799
GA-DEF_EASY_100_061.kp,793,128,724,724,724,793,793,128,793,793
GA-DEF_EASY_100_062.kp,987,603,926,926,926,603,987,987,603,603
GA-DEF_EASY_100_063.kp,694,508,621,514,508,508,508,508,508,508
GA-DEF_EASY_100_064.kp,803,553,716,716,716,716,716,716,716,716
GA-DEF_EASY_100_065.kp,798,542,728,728,542,542,798,798,798,542
GA-DEF_EASY_100_066.kp,558,314,492,400,314,558,558,558,314,558
GA-DEF_EASY_100_067.kp,891,445,810,741,741,741,891,741,741,891
GA-DEF_EASY_100_068.kp,696,480,608,608,608,480,608,608,480,480
GA-DEF_EASY_100_069.kp,749,450,667,653,653,653,653,653,653,749
GA-DEF_EASY_100_070.kp,694,521,620,412,521,694,694,521,694,694
GA-DEF_EASY_100_071.kp,710,523,638,606,606,523,710,710,710,710
GA-DEF_EASY_100_072.kp,611,246,542,542,246,611,611,246,611,611
GA-DEF_EASY_100_073.kp,715,359,644,472,472,715,715,715,715,715
GA-DEF_EASY_100_074.kp,963,790,890,684,684,790,890,890,963,684
GA-DEF_EASY_100_075.kp,687,535,611,507,507,687,687,535,687,687
GA-DEF_EASY_100_076.kp,666,381,585,472,472,666,666,666,666,666
GA-DEF_EASY_100_077.kp,708,155,634,523,155,708,155,155,155,155
GA-DEF_EASY_100_078.kp,640,497,583,492,492,640,640,640,640,640
GA-DEF_EASY_100_079.kp,803,493,704,697,493,803,803,493,803,803
GA-DEF_EASY_100_080.kp,704,431,641,556,556,704,704,431,704,704
GA-DEF_EASY_100_081.kp,793,357,709,709,709,709,709,709,709,709
GA-DEF_EASY_100_082.kp,547,315,481,391,315,315,547,547,547,315
GA-DEF_EASY_100_083.kp,816,525,732,732,525,525,816,816,525,525
GA-DEF_EASY_100_084.kp,625,348,561,561,348,625,625,625,348,625
GA-DEF_EASY_100_085.kp,906,609,830,830,609,609,906,906,609,609
GA-DEF_EASY_100_086.kp,734,510,660,325,510,510,510,510,510,510
GA-DEF_EASY_100_087.kp,727,558,663,663,663,727,727,558,727,727
GA-DEF_EASY_100_088.kp,834,390,768,580,390,390,580,580,390,390
GA-DEF_EASY_100_089.kp,633,413,566,566,566,633,633,633,633,633
GA-DEF_EASY_100_090.kp,634,250,566,471,250,250,634,250,250,634
GA-DEF_EASY_100_091.kp,960,445,891,768,768,445,768,768,768,768
GA-DEF_EASY_100_092.kp,629,264,544,544,544,629,629,544,544,629
GA-DEF_EASY_100_093.kp,602,405,533,459,405,602,602,602,602,602
GA-DEF_EASY_100_094.kp,763,324,684,684,684,763,763,763,763,763
GA-DEF_EASY_100_095.kp,644,330,576,450,330,330,644,644,330,330
GA-DEF_EASY_100_096.kp,640,452,582,506,452,452,452,452,452,452
GA-DEF_EASY_100_097.kp,770,474,696,694,694,770,694,694,770,474
GA-DEF_EASY_100_098.kp,626,418,547,547,547,626,626,626,418,626
GA-DEF_EASY_100_099.kp,777,581,705,705,705,777,705,777,777,777
GA-MAXPW_EASY_100_000.kp,59,336,1173,410,1173,1173,1173,1173,1173,1173
GA-MAXPW_EASY_100_001.kp,180,382,1142,389,1142,1142,1142,1142,1142,1142
GA-MAXPW_EASY_100_002.kp,180,267,1002,264,1002,1002,1002,1002,1002,1002
GA-MAXPW_EASY_100_003.kp,182,351,1146,353,1146,1146,1146,1146,1146,1146
GA-MAXPW_EASY_100_004.kp,215,142,1069,357,1069,1069,1069,1069,1069,1069
GA-MAXPW_EASY_100_005.kp,174,253,1025,278,1025,1025,1025,1025,1025,1025
GA-MAXPW_EASY_100_006.kp,141,254,1060,274,1060,1060,1060,1060,1060,1060
GA-MAXPW_EASY_100_007.kp,332,281,1170,420,1170,1170,1170,1170,1170,1170
GA-MAXPW_EASY_100_008.kp,116,303,1066,310,1066,1066,1066,1066,1066,1066
GA-MAXPW_EASY_100_009.kp,126,128,894,169,894,894,894,894,894,894
GA-MAXPW_EASY_100_010.kp,206,380,1295,522,522,1295,1295,1295,1295,1295
GA-MAXPW_EASY_100_011.kp,164,349,1082,329,329,1082,1082,1082,1082,329
GA-MAXPW_EASY_100_012.kp,307,256,1014,298,1014,1014,1014,1014,1014,1014
GA-MAXPW_EASY_100_013.kp,290,128,1375,662,1375,1375,1375,1375,1375,1375
GA-MAXPW_EASY_100_014.kp,190,212,1110,343,343,1110,1110,1110,1110,1110
GA-MAXPW_EASY_100_015.kp,262,253,1155,353,1155,1155,1155,1155,1155,1155
GA-MAXPW_EASY_100_016.kp,257,498,1352,629,1352,1352,1352,1352,1352,1352
GA-MAXPW_EASY_100_017.kp,136,252,955,270,955,955,955,955,955,955
GA-MAXPW_EASY_100_018.kp,291,128,1097,335,1097,1097,1097,1097,1097,1097
GA-MAXPW_EASY_100_019.kp,268,167,1053,346,1053,1053,1053,1053,1053,1053
GA-MAXPW_EASY_100_020.kp,384,501,1278,514,1278,1278,1278,1278,1278,1278
GA-MAXPW_EASY_100_021.kp,203,408,1161,374,374,1161,1161,1161,1161,1161
GA-MAXPW_EASY_100_022.kp,242,248,1173,355,1173,1173,1173,1173,1173,1173
GA-MAXPW_EASY_100_023.kp,158,241,1090,352,1090,1090,1090,1090,1090,1090
GA-MAXPW_EASY_100_024.kp,178,353,1124,442,1124,1124,1124,1124,1124,1124
GA-MAXPW_EASY_100_025.kp,114,127,1025,280,1025,1025,1025,1025,1025,1025
GA-MAXPW_EASY_100_026.kp,138,154,954,224,954,954,954,954,954,954
GA-MAXPW_EASY_100_027.kp,188,349,1168,403,1168,1168,1168,1168,1168,1168
GA-MAXPW_EASY_100_028.kp,350,356,1228,462,1228,1228,1228,1228,1228,1228
GA-MAXPW_EASY_100_029.kp,98,128,1226,434,1226,1226,1226,1226,1226,1226
GA-MAXPW_EASY_100_030.kp,272,251,1122,396,1122,1122,1122,1122,1122,1122
GA-MAXPW_EASY_100_031.kp,196,128,1051,352,128,128,1051,1051,128,1051
GA-MAXPW_EASY_100_032.kp,381,128,1118,395,1118,1118,1118,1118,1118,1118
GA-MAXPW_EASY_100_033.kp,159,255,1021,243,1021,1021,1021,1021,1021,1021
GA-MAXPW_EASY_100_034.kp,298,332,1053,347,1053,1053,1053,1053,1053,1053
GA-MAXPW_EASY_100_035.kp,335,595,1444,659,659,1444,1444,1444,1444,1444
GA-MAXPW_EASY_100_036.kp,225,486,1221,479,1221,1221,1221,1221,1221,1221
GA-MAXPW_EASY_100_037.kp,133,162,999,246,246,999,999,999,999,999
GA-MAXPW_EASY_100_038.kp,252,182,1069,307,1069,1069,1069,1069,1069,1069
GA-MAXPW_EASY_100_039.kp,150,362,1141,410,1141,1141,1141,1141,1141,1141
GA-MAXPW_EASY_100_040.kp,193,350,1150,380,380,1150,1150,1150,1150,1150
GA-MAXPW_EASY_100_041.kp,167,507,1294,525,525,1294,1294,1294,1294,1294
GA-MAXPW_EASY_100_042.kp,256,335,1007,351,1007,1007,1007,1007,1007,1007
GA-MAXPW_EASY_100_043.kp,214,128,1106,384,1106,384,1106,1106,1106,1106
GA-MAXPW_EASY_100_044.kp,54,289,1080,329,289,289,329,289,289,289
GA-MAXPW_EASY_100_045.kp,127,127,959,233,959,959,959,959,959,959
GA-MAXPW_EASY_100_046.kp,138,128,941,184,941,941,941,941,941,941
GA-MAXPW_EASY_100_047.kp,129,234,1050,324,1050,1050,1050,1050,1050,1050
GA-MAXPW_EASY_100_048.kp,256,286,988,262,988,988,988,988,988,988
GA-MAXPW_EASY_100_049.kp,180,198,957,209,209,957,957,957,198,957
GA-MAXPW_EASY_100_050.kp,103,210,1164,417,1164,1164,1164,1164,1164,1164
GA-MAXPW_EASY_100_051.kp,132,383,1099,334,1099,1099,1099,1099,1099,1099
GA-MAXPW_EASY_100_052.kp,187,386,1208,352,1208,1208,1208,1208,1208,1208
GA-MAXPW_EASY_100_053.kp,217,248,1095,308,1095,1095,1095,1095,1095,1095
GA-MAXPW_EASY_100_054.kp,210,477,1178,426,1178,1178,1178,1178,1178,1178
GA-MAXPW_EASY_100_055.kp,246,249,992,278,992,992,992,992,249,992
GA-MAXPW_EASY_100_056.kp,160,133,985,239,985,985,985,985,985,985
GA-MAXPW_EASY_100_057.kp,339,357,1219,444,1219,1219,1219,1219,1219,1219
GA-MAXPW_EASY_100_058.kp,349,256,1229,460,1229,1229,1229,1229,1229,1229
GA-MAXPW_EASY_100_059.kp,231,499,1274,495,1274,495,1274,1274,495,495
GA-MAXPW_EASY_100_060.kp,11,184,1029,302,1029,1029,1029,1029,1029,1029
GA-MAXPW_EASY_100_061.kp,262,253,1043,305,1043,1043,1043,1043,253,1043
GA-MAXPW_EASY_100_062.kp,288,194,1143,391,1143,1143,1143,1143,1143,1143
GA-MAXPW_EASY_100_063.kp,305,398,1206,401,401,1206,1206,1206,1206,1206
GA-MAXPW_EASY_100_064.kp,56,379,1117,371,371,1117,1117,1117,1117,1117
GA-MAXPW_EASY_100_065.kp,277,255,1022,318,1022,1022,1022,1022,1022,1022
GA-MAXPW_EASY_100_066.kp,49,256,1320,536,1320,1320,1320,1320,1320,1320
GA-MAXPW_EASY_100_067.kp,111,286,1010,251,1010,1010,1010,1010,1010,1010
GA-MAXPW_EASY_100_068.kp,98,343,1132,334,1132,1132,1132,1132,1132,1132
GA-MAXPW_EASY_100_069.kp,243,308,1076,342,1076,1076,1076,1076,1076,1076
GA-MAXPW_EASY_100_070.kp,351,127,1194,459,1194,1194,1194,1194,1194,1194
GA-MAXPW_EASY_100_071.kp,331,312,1085,324,1085,1085,1085,1085,1085,1085
GA-MAXPW_EASY_100_072.kp,343,296,1125,351,1125,1125,1125,1125,1125,1125
GA-MAXPW_EASY_100_073.kp,320,379,1167,331,1167,1167,1167,1167,1167,1167
GA-MAXPW_EASY_100_074.kp,479,358,1211,475,1211,1211,1211,1211,1211,1211
GA-MAXPW_EASY_100_075.kp,101,128,1002,292,1002,1002,1002,1002,1002,1002
GA-MAXPW_EASY_100_076.kp,16,308,1037,307,307,1037,1037,1037,1037,1037
GA-MAXPW_EASY_100_077.kp,229,198,1139,396,1139,1139,1139,1139,1139,1139
GA-MAXPW_EASY_100_078.kp,270,303,1035,308,1035,1035,1035,1035,1035,1035
GA-MAXPW_EASY_100_079.kp,240,151,1053,326,1053,1053,1053,1053,1053,1053
GA-MAXPW_EASY_100_080.kp,159,269,1022,290,290,1022,1022,1022,1022,1022
GA-MAXPW_EASY_100_081.kp,232,354,1302,507,507,1302,1302,1302,1302,1302
GA-MAXPW_EASY_100_082.kp,148,250,1076,326,1076,1076,1076,1076,1076,1076
GA-MAXPW_EASY_100_083.kp,151,402,1128,408,1128,1128,1128,1128,1128,1128
GA-MAXPW_EASY_100_084.kp,147,523,1330,623,623,1330,1330,1330,623,1330
GA-MAXPW_EASY_100_085.kp,155,128,1062,337,1062,1062,1062,1062,1062,1062
GA-MAXPW_EASY_100_086.kp,113,128,1344,614,614,1344,1344,1344,1344,1344
GA-MAXPW_EASY_100_087.kp,384,479,1285,435,435,1285,1285,1285,1285,1285
GA-MAXPW_EASY_100_088.kp,306,380,1173,450,1173,1173,1173,1173,1173,1173
GA-MAXPW_EASY_100_089.kp,139,199,1043,220,1043,1043,1043,1043,1043,1043
GA-MAXPW_EASY_100_090.kp,315,219,1076,355,1076,1076,1076,1076,1076,1076
GA-MAXPW_EASY_100_091.kp,386,721,1476,727,1476,1476,1476,1476,1476,1476
GA-MAXPW_EASY_100_092.kp,297,382,1255,539,539,1255,1255,539,1255,539
GA-MAXPW_EASY_100_093.kp,235,290,1116,366,1116,1116,1116,1116,1116,1116
GA-MAXPW_EASY_100_094.kp,155,128,1141,388,1141,1141,1141,1141,1141,1141
GA-MAXPW_EASY_100_095.kp,196,256,1333,575,575,1333,1333,1333,1333,575
GA-MAXPW_EASY_100_096.kp,288,510,1232,513,1232,1232,1232,1232,1232,1232
GA-MAXPW_EASY_100_097.kp,344,255,1275,462,1275,1275,1275,1275,1275,1275
GA-MAXPW_EASY_100_098.kp,422,348,1243,500,500,1243,1243,1243,1243,1243
GA-MAXPW_EASY_100_099.kp,192,289,1108,431,1108,1108,1108,1108,1108,1108
GA-MAXP_EASY_100_000.kp,291,816,734,618,816,816,291,291,816,816
GA-MAXP_EASY_100_001.kp,147,1303,1218,1098,1098,1303,1098,1098,1303,1098
GA-MAXP_EASY_100_002.kp,283,924,853,641,641,924,853,853,924,924
GA-MAXP_EASY_100_003.kp,75,793,734,670,793,793,75,793,793,75
GA-MAXP_EASY_100_004.kp,560,926,842,839,839,926,839,839,926,926
GA-MAXP_EASY_100_005.kp,226,847,785,613,613,847,226,847,847,847
GA-MAXP_EASY_100_006.kp,473,919,842,799,799,919,473,473,919,919
GA-MAXP_EASY_100_007.kp,157,671,598,269,671,671,671,671,671,671
GA-MAXP_EASY_100_008.kp,500,839,763,555,839,839,763,763,839,839
GA-MAXP_EASY_100_009.kp,340,855,780,658,855,855,855,855,855,855
GA-MAXP_EASY_100_010.kp,303,715,650,567,715,715,567,303,715,715
GA-MAXP_EASY_100_011.kp,142,778,709,638,778,778,142,778,778,778
GA-MAXP_EASY_100_012.kp,263,778,713,610,610,778,263,610,778,610
GA-MAXP_EASY_100_013.kp,246,823,752,631,631,823,246,823,823,823
GA-MAXP_EASY_100_014.kp,297,730,660,488,730,730,730,730,730,730
GA-MAXP_EASY_100_015.kp,124,669,596,372,372,669,124,669,669,669
GA-MAXP_EASY_100_016.kp,133,539,450,324,539,539,539,539,539,539
GA-MAXP_EASY_100_017.kp,74,665,580,497,665,665,74,74,665,665
GA-MAXP_EASY_100_018.kp,263,725,624,501,725,725,263,263,725,263
GA-MAXP_EASY_100_019.kp,231,582,510,327,582,582,582,582,582,582
GA-MAXP_EASY_100_020.kp,306,795,712,552,795,795,552,306,795,795
GA-MAXP_EASY_100_021.kp,298,853,761,666,853,853,853,853,853,853
GA-MAXP_EASY_100_022.kp,267,859,777,691,859,859,267,267,859,859
GA-MAXP_EASY_100_023.kp,243,1109,1039,915,915,1109,243,243,1109,1109
GA-MAXP_EASY_100_024.kp,147,828,764,647,828,828,147,147,828,828
GA-MAXP_EASY_100_025.kp,236,995,914,731,995,995,236,995,995,995
GA-MAXP_EASY_100_026.kp,185,656,582,493,656,185,185,656,185,185
GA-MAXP_EASY_100_027.kp,159,565,479,234,565,159,159,565,159,159
GA-MAXP_EASY_100_028.kp,200,744,674,550,744,744,200,200,744,744
GA-MAXP_EASY_100_029.kp,136,516,438,359,516,136,136,516,136,136
GA-MAXP_EASY_100_030.kp,145,751,667,439,751,751,439,145,751,751
GA-MAXP_EASY_100_031.kp,288,661,580,384,661,288,661,661,661,661
GA-MAXP_EASY_100_032.kp,110,646,575,424,424,424,424,424,110,110
GA-MAXP_EASY_100_033.kp,4,808,727,670,670,4,4,4,4,4
GA-MAXP_EASY_100_034.kp,515,864,791,728,728,515,515,515,515,515
GA-MAXP_EASY_100_035.kp,201,1027,942,750,1027,1027,750,750,1027,1027
GA-MAXP_EASY_100_036.kp,331,912,841,667,912,912,912,912,912,912
GA-MAXP_EASY_100_037.kp,378,827,750,634,827,827,378,378,827,827
GA-MAXP_EASY_100_038.kp,319,714,626,626,626,319,319,319,319,319
GA-MAXP_EASY_100_039.kp,110,950,887,798,950,950,110,110,950,950
GA-MAXP_EASY_100_040.kp,238,1054,966,966,966,238,238,1054,238,238
GA-MAXP_EASY_100_041.kp,254,730,658,535,730,730,730,730,730,730
GA-MAXP_EASY_100_042.kp,99,912,837,601,601,912,99,912,912,912
GA-MAXP_EASY_100_043.kp,444,949,867,754,754,444,867,867,949,949
GA-MAXP_EASY_100_044.kp,253,631,563,456,631,253,253,631,253,253
GA-MAXP_EASY_100_045.kp,167,650,587,332,650,650,167,650,650,650
GA-MAXP_EASY_100_046.kp,213,821,750,535,821,213,213,821,821,821
GA-MAXP_EASY_100_047.kp,193,781,700,625,781,781,193,193,781,781
GA-MAXP_EASY_100_048.kp,326,724,655,589,724,724,655,655,724,724
GA-MAXP_EASY_100_049.kp,143,586,522,522,586,586,586,586,586,586
GA-MAXP_EASY_100_050.kp,195,997,923,804,997,997,923,923,997,997
GA-MAXP_EASY_100_051.kp,248,932,853,735,932,932,248,932,932,932
GA-MAXP_EASY_100_052.kp,222,960,883,662,960,960,960,960,960,960
GA-MAXP_EASY_100_053.kp,271,925,835,835,835,835,835,835,835,835
GA-MAXP_EASY_100_054.kp,152,703,635,525,703,152,152,703,703,703
GA-MAXP_EASY_100_055.kp,491,763,689,599,599,763,491,763,491,491
GA-MAXP_EASY_100_056.kp,292,722,633,520,722,722,292,722,722,722
GA-MAXP_EASY_100_057.kp,305,852,772,771,771,305,305,852,305,305
GA-MAXP_EASY_100_058.kp,458,590,522,458,590,458,458,590,458,458
GA-MAXP_EASY_100_059.kp,52,780,686,582,780,52,52,52,780,52
GA-MAXP_EASY_100_060.kp,118,915,848,762,762,915,118,915,915,915
GA-MAXP_EASY_100_061.kp,598,1061,991,888,888,888,888,888,1061,888
GA-MAXP_EASY_100_062.kp,421,1030,955,747,1030,1030,421,421,1030,1030
GA-MAXP_EASY_100_063.kp,249,959,896,666,959,959,959,959,959,959
GA-MAXP_EASY_100_064.kp,229,663,582,425,663,663,663,663,663,663
GA-MAXP_EASY_100_065.kp,178,799,724,612,612,178,178,799,178,178
GA-MAXP_EASY_100_066.kp,299,1033,946,924,924,299,299,299,299,299
GA-MAXP_EASY_100_067.kp,32,699,620,502,502,32,32,32,32,32
GA-MAXP_EASY_100_068.kp,170,787,703,638,787,787,703,787,787,787
GA-MAXP_EASY_100_069.kp,288,745,672,672,745,288,288,745,288,288
GA-MAXP_EASY_100_070.kp,160,803,735,634,803,803,803,803,803,803
GA-MAXP_EASY_100_071.kp,331,1053,975,862,1053,862,862,331,862,1053
GA-MAXP_EASY_100_072.kp,523,749,681,573,749,749,523,523,749,749
GA-MAXP_EASY_100_073.kp,62,941,865,745,941,941,865,941,941,941
GA-MAXP_EASY_100_074.kp,284,677,607,607,677,284,284,677,284,284
GA-MAXP_EASY_100_075.kp,388,769,692,601,769,769,388,769,769,769
GA-MAXP_EASY_100_076.kp,400,854,781,554,854,854,854,854,854,854
GA-MAXP_EASY_100_077.kp,172,948,882,696,948,948,948,948,948,948
GA-MAXP_EASY_100_078.kp,413,813,729,638,813,813,413,813,813,413
GA-MAXP_EASY_100_079.kp,324,848,782,607,848,848,324,324,848,848
GA-MAXP_EASY_100_080.kp,254,957,882,771,771,254,254,254,254,254
GA-MAXP_EASY_100_081.kp,197,634,554,468,468,197,197,197,197,197
GA-MAXP_EASY_100_082.kp,119,672,587,587,672,672,119,119,672,672
GA-MAXP_EASY_100_083.kp,288,729,650,542,729,729,729,729,729,729
GA-MAXP_EASY_100_084.kp,338,1135,1051,1051,1135,1135,1051,1051,1051,1135
GA-MAXP_EASY_100_085.kp,96,533,445,359,533,96,96,533,96,533
GA-MAXP_EASY_100_086.kp,239,868,799,799,868,868,799,239,239,868
GA-MAXP_EASY_100_087.kp,168,780,711,510,780,780,780,780,780,780
GA-MAXP_EASY_100_088.kp,65,903,810,810,903,903,65,65,903,903
GA-MAXP_EASY_100_089.kp,244,767,700,448,767,767,700,767,767,767
GA-MAXP_EASY_100_090.kp,144,818,743,658,818,818,658,144,818,818
GA-MAXP_EASY_100_091.kp,359,1084,994,994,1084,1084,359,359,1084,1084
GA-MAXP_EASY_100_092.kp,363,845,768,768,845,363,363,363,363,363
GA-MAXP_EASY_100_093.kp,332,754,666,581,581,332,332,332,332,332
GA-MAXP_EASY_100_094.kp,294,764,695,506,764,294,764,764,764,764
GA-MAXP_EASY_100_095.kp,485,971,896,789,971,971,485,971,971,971
GA-MAXP_EASY_100_096.kp,58,774,703,603,774,774,58,774,774,774
GA-MAXP_EASY_100_097.kp,284,782,721,646,646,782,284,284,284,284
GA-MAXP_EASY_100_098.kp,114,686,614,537,537,686,114,114,114,686
GA-MAXP_EASY_100_099.kp,143,840,768,726,726,840,726,143,840,840
GA-MINW_EASY_100_000.kp,420,520,1186,1262,1262,1262,1262,1262,1262,1262
GA-MINW_EASY_100_001.kp,286,327,715,782,782,782,286,286,782,782
GA-MINW_EASY_100_002.kp,229,275,1000,1062,1062,1062,1062,1062,1062,1062
GA-MINW_EASY_100_003.kp,431,872,954,1015,1015,1015,1015,1015,1015,1015
GA-MINW_EASY_100_004.kp,207,535,925,986,925,986,925,925,986,986
GA-MINW_EASY_100_005.kp,479,721,1165,1233,1233,1233,1233,1233,1233,1233
GA-MINW_EASY_100_006.kp,83,446,1140,1222,446,1222,1222,1222,1222,1222
GA-MINW_EASY_100_007.kp,283,475,883,948,948,948,283,948,948,948
GA-MINW_EASY_100_008.kp,391,488,1285,1354,1354,1354,1354,1354,1354,1354
GA-MINW_EASY_100_009.kp,207,454,1038,1108,1108,1108,1108,1108,1108,1108
GA-MINW_EASY_100_010.kp,285,590,1441,1511,1511,1511,1441,1511,1511,1511
GA-MINW_EASY_100_011.kp,330,585,934,996,996,996,996,996,996,996
GA-MINW_EASY_100_012.kp,283,380,875,941,875,941,875,875,941,941
GA-MINW_EASY_100_013.kp,85,375,1007,1075,1075,1075,1075,1075,1075,1075
GA-MINW_EASY_100_014.kp,71,380,1014,1096,1096,1096,1096,1096,1096,1096
GA-MINW_EASY_100_015.kp,213,822,1284,1346,1346,1346,1346,1346,1346,1346
GA-MINW_EASY_100_016.kp,342,536,1013,1088,1088,1088,1088,1088,1088,1088
GA-MINW_EASY_100_017.kp,350,128,1130,1202,1202,1202,1202,1202,1202,1202
GA-MINW_EASY_100_018.kp,378,481,1140,1219,1219,1219,1219,1219,1219,1219
GA-MINW_EASY_100_019.kp,232,518,970,1053,1053,1053,1053,1053,1053,1053
GA-MINW_EASY_100_020.kp,127,420,911,985,985,985,911,911,985,985
GA-MINW_EASY_100_021.kp,343,345,1250,1316,1316,1316,1316,1316,1316,1316
GA-MINW_EASY_100_022.kp,399,595,922,981,595,981,981,399,981,595
GA-MINW_EASY_100_023.kp,341,203,911,986,986,986,911,911,986,986
GA-MINW_EASY_100_024.kp,355,714,1062,1127,1127,1127,355,355,1127,355
GA-MINW_EASY_100_025.kp,194,720,1162,1221,1221,1221,1221,1221,1221,1221
GA-MINW_EASY_100_026.kp,400,457,957,1022,1022,1022,1022,1022,1022,1022
GA-MINW_EASY_100_027.kp,439,366,1209,1281,1281,1281,1281,1281,439,1281
GA-MINW_EASY_100_028.kp,202,469,974,1046,1046,1046,1046,1046,1046,1046
GA-MINW_EASY_100_029.kp,539,767,1019,1086,1086,1086,1086,1086,1086,1086
GA-MINW_EASY_100_030.kp,326,586,975,1040,1040,1040,1040,1040,1040,1040
GA-MINW_EASY_100_031.kp,176,611,1240,1307,1307,1307,1307,1307,1307,1307
GA-MINW_EASY_100_032.kp,330,146,876,956,956,956,956,956,956,956
GA-MINW_EASY_100_033.kp,771,573,1095,1157,573,573,1157,1157,573,573
GA-MINW_EASY_100_034.kp,416,715,1001,1074,1074,1074,1074,1074,1074,1074
GA-MINW_EASY_100_035.kp,559,361,978,1039,1039,1039,1039,1039,1039,1039
GA-MINW_EASY_100_036.kp,127,251,901,965,965,965,965,965,965,965
GA-MINW_EASY_100_037.kp,499,610,1094,1165,1165,1165,1165,1165,1165,1165
GA-MINW_EASY_100_038.kp,189,327,737,810,810,810,810,810,810,810
GA-MINW_EASY_100_039.kp,420,297,1030,1097,1097,1097,1097,1097,1097,1097
GA-MINW_EASY_100_040.kp,394,593,1047,1117,1117,1117,1117,1117,1117,1117
GA-MINW_EASY_100_041.kp,205,421,885,953,953,205,205,885,953,205
GA-MINW_EASY_100_042.kp,246,463,998,1076,1076,1076,1076,1076,1076,1076
GA-MINW_EASY_100_043.kp,359,478,1023,1099,1099,1099,1099,1099,1099,1099
GA-MINW_EASY_100_044.kp,498,676,1011,1073,1073,1073,1073,1073,1073,1073
GA-MINW_EASY_100_045.kp,371,312,810,888,888,888,888,888,888,888
GA-MINW_EASY_100_046.kp,269,839,1270,1333,1270,1333,1270,1270,1333,1333
GA-MINW_EASY_100_047.kp,420,674,949,1013,1013,1013,1013,1013,1013,1013
GA-MINW_EASY_100_048.kp,589,472,1276,1335,1335,1335,1335,1335,1335,1335
GA-MINW_EASY_100_049.kp,155,332,887,957,957,332,155,155,155,332
GA-MINW_EASY_100_050.kp,320,213,738,804,804,804,804,804,804,804
GA-MINW_EASY_100_051.kp,369,279,1101,1173,1173,279,1173,1173,279,279
GA-MINW_EASY_100_052.kp,483,504,1263,1341,1341,1341,1341,1341,1341,1341
GA-MINW_EASY_100_053.kp,348,296,903,964,964,964,964,964,964,964
GA-MINW_EASY_100_054.kp,241,468,915,969,969,969,969,969,969,969
GA-MINW_EASY_100_055.kp,286,979,1003,1072,1072,286,1072,1072,1072,1072
GA-MINW_EASY_100_056.kp,233,435,878,942,942,942,942,942,942,942
GA-MINW_EASY_100_057.kp,235,437,801,877,877,877,877,877,877,877
GA-MINW_EASY_100_058.kp,149,490,944,1007,1007,1007,1007,1007,1007,1007
GA-MINW_EASY_100_059.kp,792,784,1071,1130,1130,1130,1130,1130,1130,1130
GA-MINW_EASY_100_060.kp,412,552,1105,1178,1178,1178,1105,1178,1178,1178
GA-MINW_EASY_100_061.kp,257,378,1162,1237,378,1237,1237,1237,1237,1237
GA-MINW_EASY_100_062.kp,167,680,1272,1340,1340,1340,1340,1340,1340,1340
GA-MINW_EASY_100_063.kp,405,745,1325,1382,1382,1382,1382,1382,1382,1382
GA-MINW_EASY_100_064.kp,151,392,976,1053,1053,1053,1053,1053,1053,1053
GA-MINW_EASY_100_065.kp,357,550,986,1058,1058,1058,1058,1058,1058,1058
GA-MINW_EASY_100_066.kp,263,647,866,930,647,930,930,930,930,930
GA-MINW_EASY_100_067.kp,209,478,1011,1075,1075,1075,1075,1075,1075,1075
GA-MINW_EASY_100_068.kp,83,243,626,686,686,83,83,243,83,83
GA-MINW_EASY_100_069.kp,628,587,985,1048,1048,587,1048,1048,587,587
GA-MINW_EASY_100_070.kp,388,500,1123,1195,1195,1195,1195,1195,1195,1195
GA-MINW_EASY_100_071.kp,698,793,1207,1283,1283,1283,1283,1283,1283,1283
GA-MINW_EASY_100_072.kp,371,496,911,977,496,496,977,371,496,496
GA-MINW_EASY_100_073.kp,283,599,1157,1220,1220,1220,1220,1220,1220,1220
GA-MINW_EASY_100_074.kp,401,377,1154,1220,1220,1220,1220,1220,1220,1220
GA-MINW_EASY_100_075.kp,383,695,1024,1103,1103,1103,1103,1103,1103,1103
GA-MINW_EASY_100_076.kp,216,444,1054,1127,1127,1127,1127,1127,216,1127
GA-MINW_EASY_100_077.kp,253,224,977,1047,1047,1047,1047,1047,1047,1047
GA-MINW_EASY_100_078.kp,369,815,1291,1360,1360,1360,1360,1360,1360,1360
GA-MINW_EASY_100_079.kp,322,463,1327,1386,1386,1386,1386,1386,1386,1386
GA-MINW_EASY_100_080.kp,154,902,922,978,902,902,154,154,902,902
GA-MINW_EASY_100_081.kp,176,581,1071,1140,1140,176,176,1140,176,176
GA-MINW_EASY_100_082.kp,393,606,1079,1149,1149,1149,1149,1149,1149,1149
GA-MINW_EASY_100_083.kp,150,663,1135,1212,1212,1212,1212,1212,1212,1212
GA-MINW_EASY_100_084.kp,279,671,1096,1155,1155,671,1155,279,671,671
GA-MINW_EASY_100_085.kp,662,471,1062,1133,1062,1133,1062,1062,1133,1133
GA-MINW_EASY_100_086.kp,140,241,1037,1111,1111,1111,1111,1111,1111,1111
GA-MINW_EASY_100_087.kp,303,583,1090,1159,1159,1159,1159,1159,1159,1159
GA-MINW_EASY_100_088.kp,459,869,1210,1271,1271,1271,1271,1271,1271,1271
GA-MINW_EASY_100_089.kp,316,613,1157,1223,1223,1223,1223,1223,1223,1223
GA-MINW_EASY_100_090.kp,118,698,874,939,698,698,939,939,698,698
GA-MINW_EASY_100_091.kp,193,457,1095,1162,1162,1162,1162,1162,1162,1162
GA-MINW_EASY_100_092.kp,228,368,1100,1157,1157,368,1157,1157,1157,1157
GA-MINW_EASY_100_093.kp,271,810,1248,1328,1328,1328,1328,1328,1328,1328
GA-MINW_EASY_100_094.kp,543,128,1205,1266,1266,1266,1266,1266,1266,1266
GA-MINW_EASY_100_095.kp,191,595,774,840,595,840,840,191,595,595
GA-MINW_EASY_100_096.kp,249,706,1162,1247,1247,1247,1247,1247,1247,1247
GA-MINW_EASY_100_097.kp,177,560,712,778,778,177,712,712,560,560
GA-MINW_EASY_100_098.kp,468,661,969,1043,1043,1043,1043,1043,1043,1043
GA-MINW_EASY_100_099.kp,385,350,1102,1175,1175,1175,1175,1175,385,1175
