"INSTANCE","WEIGHT","PROFIT","CORRELATION","DEF","MAXP","MAXPW","MINW","MARK","BEST","ORACLE"
"GA-MaxDefault_50_000.kp",0.583,0.46,0.489,NA,765,844,663,437,"MAXPW",844
"GA-MaxDefault_50_001.kp",0.619,0.538,0.412,1085,631,1055,NA,477,"DEF",1085
"GA-MaxDefault_50_002.kp",0.616,0.581,0.52,1026,661,991,826,490,"DEF",1026
"GA-MaxDefault_50_003.kp",0.637,0.436,0.539,NA,744,827,774,410,"MAXPW",827
"GA-MaxDefault_50_004.kp",0.634,0.492,0.572,923,619,874,821,NA,"DEF",923
"GA-MaxDefault_50_005.kp",0.637,0.461,0.444,902,723,875,843,460,"DEF",902
"GA-MaxDefault_50_006.kp",0.632,0.448,0.495,921,822,NA,750,600,"DEF",921
"GA-MaxDefault_50_007.kp",0.562,0.491,0.522,1043,NA,1031,910,584,"DEF",1043
"GA-MaxDefault_50_008.kp",0.573,0.513,0.606,NA,524,900,690,509,"MAXPW",900
"GA-MaxDefault_50_009.kp",0.624,0.542,0.537,860,701,848,690,447,"DEF",860
"GA-MaxDefault_50_010.kp",0.604,0.486,0.563,873,NA,832,746,442,"DEF",873
"GA-MaxDefault_50_011.kp",0.54,0.481,0.521,998,927,986,810,NA,"DEF",998
"GA-MaxDefault_50_012.kp",0.62,0.464,0.399,941,692,943,917,NA,"MAXPW",943
"GA-MaxDefault_50_013.kp",0.606,0.408,0.533,828,659,NA,709,394,"DEF",828
"GA-MaxDefault_50_014.kp",0.591,0.509,0.432,1249,994,1228,NA,468,"DEF",1249
"GA-MaxDefault_50_015.kp",0.562,0.547,0.573,935,735,921,NA,511,"DEF",935
"GA-MaxDefault_50_016.kp",0.613,0.476,0.372,1064,707,1040,859,521,"DEF",1064
"GA-MaxDefault_50_017.kp",0.691,0.476,0.515,821,499,818,616,461,"DEF",821
"GA-MaxDefault_50_018.kp",0.542,0.503,0.565,941,811,928,743,NA,"DEF",941
"GA-MaxDefault_50_019.kp",0.549,0.489,0.587,959,901,956,720,515,"DEF",959
"GA-MaxDefault_50_020.kp",0.605,0.469,0.539,787,683,NA,581,404,"DEF",787
"GA-MaxDefault_50_021.kp",0.691,0.502,0.461,870,702,880,868,471,"MAXPW",880
"GA-MaxDefault_50_022.kp",0.674,0.48,0.346,990,783,961,875,455,"DEF",990
"GA-MaxDefault_50_023.kp",0.651,0.485,0.541,884,789,867,757,594,"DEF",884
"GA-MaxDefault_50_024.kp",0.63,0.512,0.451,1007,621,975,908,NA,"DEF",1007
"GA-MaxDefault_50_025.kp",0.625,0.53,0.486,937,730,924,842,473,"DEF",937
"GA-MaxDefault_50_026.kp",0.55,0.541,0.534,1090,892,1075,885,NA,"DEF",1090
"GA-MaxDefault_50_027.kp",0.554,0.553,0.611,941,723,925,775,560,"DEF",941
"GA-MaxDefault_50_028.kp",0.599,0.438,0.556,803,736,794,503,419,"DEF",803
"GA-MaxDefault_50_029.kp",0.581,0.484,0.552,957,784,957,778,581,"DEF",957
"GA-MaxDefault_50_030.kp",0.659,0.477,0.406,863,725,837,816,401,"DEF",863
"GA-MaxDefault_50_031.kp",0.624,0.447,0.487,NA,648,806,635,477,"MAXPW",806
"GA-MaxDefault_50_032.kp",0.618,0.537,0.518,1007,577,991,911,470,"DEF",1007
"GA-MaxDefault_50_033.kp",0.641,0.392,0.525,715,585,702,NA,425,"DEF",715
"GA-MaxDefault_50_034.kp",0.667,0.557,0.495,1023,695,967,NA,524,"DEF",1023
"GA-MaxDefault_50_035.kp",0.619,0.413,0.413,871,816,855,714,466,"DEF",871
"GA-MaxDefault_50_036.kp",0.625,0.471,0.466,944,839,907,NA,461,"DEF",944
"GA-MaxDefault_50_037.kp",0.585,0.589,0.461,1345,1115,1334,1260,585,"DEF",1345
"GA-MaxDefault_50_038.kp",0.608,0.48,0.434,828,654,833,704,435,"MAXPW",833
"GA-MaxDefault_50_039.kp",0.551,0.43,0.494,1071,477,1065,829,455,"DEF",1071
"GA-MaxDefault_50_040.kp",0.609,0.486,0.44,NA,612,1048,953,469,"MAXPW",1048
"GA-MaxDefault_50_041.kp",0.639,0.541,0.405,1018,855,1016,NA,459,"DEF",1018
"GA-MaxDefault_50_042.kp",0.581,0.477,0.531,867,479,863,761,570,"DEF",867
"GA-MaxDefault_50_043.kp",0.601,0.495,0.627,747,646,781,715,494,"MAXPW",781
"GA-MaxDefault_50_044.kp",0.627,0.507,0.532,1004,683,992,824,468,"DEF",1004
"GA-MaxDefault_50_045.kp",0.564,0.458,0.438,1095,783,1070,853,527,"DEF",1095
"GA-MaxDefault_50_046.kp",0.639,0.514,0.486,923,617,889,787,593,"DEF",923
"GA-MaxDefault_50_047.kp",0.588,0.477,0.452,1126,906,1084,NA,479,"DEF",1126
"GA-MaxDefault_50_048.kp",0.601,0.47,0.48,807,NA,799,715,426,"DEF",807
"GA-MaxDefault_50_049.kp",0.618,0.481,0.496,895,813,900,713,455,"MAXPW",900
"GA-MaxDefault_50_050.kp",0.573,0.533,0.429,1192,613,1196,1085,440,"MAXPW",1196
"GA-MaxDefault_50_051.kp",0.619,0.509,0.432,888,600,NA,838,463,"DEF",888
"GA-MaxDefault_50_052.kp",0.562,0.492,0.507,NA,848,959,900,522,"MAXPW",959
"GA-MaxDefault_50_053.kp",0.635,0.507,0.46,NA,716,909,679,478,"MAXPW",909
"GA-MaxDefault_50_054.kp",0.499,0.534,0.597,1181,914,1170,997,NA,"DEF",1181
"GA-MaxDefault_50_055.kp",0.629,0.49,0.426,958,708,923,NA,418,"DEF",958
"GA-MaxDefault_50_056.kp",0.603,0.502,0.354,1136,841,1121,NA,455,"DEF",1136
"GA-MaxDefault_50_057.kp",0.579,0.521,0.371,1244,981,1218,1138,519,"DEF",1244
"GA-MaxDefault_50_058.kp",0.631,0.54,0.515,930,NA,895,656,451,"DEF",930
"GA-MaxDefault_50_059.kp",0.62,0.53,0.531,907,501,887,755,468,"DEF",907
"GA-MaxDefault_50_060.kp",0.634,0.5,0.611,684,572,699,481,511,"MAXPW",699
"GA-MaxDefault_50_061.kp",0.545,0.539,0.494,1097,776,1062,NA,504,"DEF",1097
"GA-MaxDefault_50_062.kp",0.601,0.505,0.572,802,751,783,653,454,"DEF",802
"GA-MaxDefault_50_063.kp",0.645,0.48,0.556,717,536,695,546,433,"DEF",717
"GA-MaxDefault_50_064.kp",0.581,0.48,0.528,1032,804,NA,875,561,"DEF",1032
"GA-MaxDefault_50_065.kp",0.65,0.554,0.388,1087,837,NA,959,472,"DEF",1087
"GA-MaxDefault_50_066.kp",0.601,0.472,0.515,879,747,871,717,405,"DEF",879
"GA-MaxDefault_50_067.kp",0.603,0.486,0.515,993,NA,967,871,570,"DEF",993
"GA-MaxDefault_50_068.kp",0.586,0.512,0.455,1054,988,1006,893,NA,"DEF",1054
"GA-MaxDefault_50_069.kp",0.58,0.46,0.467,1032,725,1014,797,489,"DEF",1032
"GA-MaxDefault_50_070.kp",0.569,0.483,0.592,927,831,NA,565,437,"DEF",927
"GA-MaxDefault_50_071.kp",0.603,0.442,0.388,1093,814,1043,909,554,"DEF",1093
"GA-MaxDefault_50_072.kp",0.63,0.552,0.479,985,657,936,896,466,"DEF",985
"GA-MaxDefault_50_073.kp",0.591,0.521,0.578,1030,716,1026,872,643,"DEF",1030
"GA-MaxDefault_50_074.kp",0.626,0.51,0.501,846,747,799,703,566,"DEF",846
"GA-MaxDefault_50_075.kp",0.608,0.531,0.447,1194,793,1123,NA,427,"DEF",1194
"GA-MaxDefault_50_076.kp",0.615,0.485,0.506,945,812,917,812,385,"DEF",945
"GA-MaxDefault_50_077.kp",0.601,0.538,0.362,1102,613,1084,1014,547,"DEF",1102
"GA-MaxDefault_50_078.kp",0.639,0.467,0.561,729,479,692,465,NA,"DEF",729
"GA-MaxDefault_50_079.kp",0.552,0.49,0.477,1015,883,1005,858,395,"DEF",1015
"GA-MaxDefault_50_080.kp",0.589,0.544,0.498,1006,603,1012,837,476,"MAXPW",1012
"GA-MaxDefault_50_081.kp",0.579,0.46,0.39,1057,918,1046,865,533,"DEF",1057
"GA-MaxDefault_50_082.kp",0.559,0.539,0.565,1142,582,1130,984,464,"DEF",1142
"GA-MaxDefault_50_083.kp",0.629,0.507,0.465,897,831,884,785,560,"DEF",897
"GA-MaxDefault_50_084.kp",0.619,0.473,0.485,878,616,869,773,482,"DEF",878
"GA-MaxDefault_50_085.kp",0.561,0.45,0.594,820,479,809,702,416,"DEF",820
"GA-MaxDefault_50_086.kp",0.603,0.512,0.45,977,783,969,735,571,"DEF",977
"GA-MaxDefault_50_087.kp",0.614,0.484,0.571,828,744,NA,628,459,"DEF",828
"GA-MaxDefault_50_088.kp",0.645,0.481,0.628,779,699,NA,644,553,"DEF",779
"GA-MaxDefault_50_089.kp",0.619,0.449,0.404,1035,NA,1004,795,530,"DEF",1035
"GA-MaxDefault_50_090.kp",0.63,0.595,0.538,980,840,970,912,492,"DEF",980
"GA-MaxDefault_50_091.kp",0.584,0.537,0.537,1181,880,1191,1095,NA,"MAXPW",1191
"GA-MaxDefault_50_092.kp",0.66,0.535,0.328,946,693,931,893,NA,"DEF",946
"GA-MaxDefault_50_093.kp",0.541,0.549,0.642,1005,598,995,846,568,"DEF",1005
"GA-MaxDefault_50_094.kp",0.596,0.467,0.584,821,647,778,756,455,"DEF",821
"GA-MaxDefault_50_095.kp",0.564,0.489,0.338,1234,922,1218,1177,603,"DEF",1234
"GA-MaxDefault_50_096.kp",0.541,0.562,0.424,1323,843,1272,1222,464,"DEF",1323
"GA-MaxDefault_50_097.kp",0.539,0.505,0.38,NA,1153,1436,1280,541,"MAXPW",1436
"GA-MaxDefault_50_098.kp",0.588,0.573,0.513,1107,792,1082,953,464,"DEF",1107
"GA-MaxDefault_50_099.kp",0.615,0.481,0.453,941,703,908,834,467,"DEF",941
"GA-MaxProfitPerWeight_50_000.kp",0.356,0.5,0.607,726,747,1702,NA,485,"MAXPW",1702
"GA-MaxProfitPerWeight_50_001.kp",0.405,0.625,0.603,847,754,1552,889,NA,"MAXPW",1552
"GA-MaxProfitPerWeight_50_002.kp",0.495,0.509,0.58,NA,728,1302,728,571,"MAXPW",1302
"GA-MaxProfitPerWeight_50_003.kp",0.458,0.528,0.589,610,767,1386,689,508,"MAXPW",1386
"GA-MaxProfitPerWeight_50_004.kp",0.417,0.487,0.581,614,787,1465,NA,602,"MAXPW",1465
"GA-MaxProfitPerWeight_50_005.kp",0.436,0.487,0.655,328,626,1309,584,609,"MAXPW",1309
"GA-MaxProfitPerWeight_50_006.kp",0.441,0.511,0.593,538,NA,1450,749,482,"MAXPW",1450
"GA-MaxProfitPerWeight_50_007.kp",0.448,0.563,0.656,632,735,1378,759,579,"MAXPW",1378
"GA-MaxProfitPerWeight_50_008.kp",0.425,0.524,0.648,720,618,1389,677,480,"MAXPW",1389
"GA-MaxProfitPerWeight_50_009.kp",0.499,0.569,0.637,331,628,1255,640,NA,"MAXPW",1255
"GA-MaxProfitPerWeight_50_010.kp",0.501,0.5,0.584,420,611,1208,618,474,"MAXPW",1208
"GA-MaxProfitPerWeight_50_011.kp",0.461,0.492,0.539,178,602,1265,626,602,"MAXPW",1265
"GA-MaxProfitPerWeight_50_012.kp",0.429,0.482,0.541,415,NA,1503,851,584,"MAXPW",1503
"GA-MaxProfitPerWeight_50_013.kp",0.454,0.556,0.512,697,751,1620,1088,548,"MAXPW",1620
"GA-MaxProfitPerWeight_50_014.kp",0.386,0.531,0.574,703,741,1670,928,612,"MAXPW",1670
"GA-MaxProfitPerWeight_50_015.kp",0.507,0.499,0.496,334,738,1382,778,474,"MAXPW",1382
"GA-MaxProfitPerWeight_50_016.kp",0.479,0.491,0.601,569,741,1342,762,NA,"MAXPW",1342
"GA-MaxProfitPerWeight_50_017.kp",0.401,0.507,0.619,NA,848,1440,846,471,"MAXPW",1440
"GA-MaxProfitPerWeight_50_018.kp",0.422,0.558,0.605,NA,731,1373,817,436,"MAXPW",1373
"GA-MaxProfitPerWeight_50_019.kp",0.41,0.568,0.629,NA,857,1575,949,623,"MAXPW",1575
"GA-MaxProfitPerWeight_50_020.kp",0.366,0.495,0.545,338,854,1583,879,446,"MAXPW",1583
"GA-MaxProfitPerWeight_50_021.kp",0.414,0.559,0.582,NA,962,1616,991,461,"MAXPW",1616
"GA-MaxProfitPerWeight_50_022.kp",0.421,0.59,0.553,NA,1053,1658,1045,589,"MAXPW",1658
"GA-MaxProfitPerWeight_50_023.kp",0.445,0.504,0.638,347,NA,1370,751,574,"MAXPW",1370
"GA-MaxProfitPerWeight_50_024.kp",0.425,0.496,0.539,658,NA,1400,745,583,"MAXPW",1400
"GA-MaxProfitPerWeight_50_025.kp",0.491,0.507,0.465,187,706,1294,760,498,"MAXPW",1294
"GA-MaxProfitPerWeight_50_026.kp",0.48,0.529,0.492,456,738,1276,744,NA,"MAXPW",1276
"GA-MaxProfitPerWeight_50_027.kp",0.48,0.51,0.559,364,631,1307,NA,481,"MAXPW",1307
"GA-MaxProfitPerWeight_50_028.kp",0.486,0.526,0.694,475,506,NA,581,551,"MINW",581
"GA-MaxProfitPerWeight_50_029.kp",0.444,0.468,0.613,458,NA,1335,743,485,"MAXPW",1335
"GA-MaxProfitPerWeight_50_030.kp",0.446,0.524,0.517,270,875,1606,NA,496,"MAXPW",1606
"GA-MaxProfitPerWeight_50_031.kp",0.47,0.567,0.692,635,626,1278,554,501,"MAXPW",1278
"GA-MaxProfitPerWeight_50_032.kp",0.45,0.521,0.435,322,971,1630,986,473,"MAXPW",1630
"GA-MaxProfitPerWeight_50_033.kp",0.549,0.569,0.552,337,614,1228,670,492,"MAXPW",1228
"GA-MaxProfitPerWeight_50_034.kp",0.512,0.553,0.513,299,701,1259,721,557,"MAXPW",1259
"GA-MaxProfitPerWeight_50_035.kp",0.421,0.524,0.688,443,590,1255,566,497,"MAXPW",1255
"GA-MaxProfitPerWeight_50_036.kp",0.507,0.548,0.557,424,711,1338,707,465,"MAXPW",1338
"GA-MaxProfitPerWeight_50_037.kp",0.497,0.517,0.6,389,611,1284,NA,481,"MAXPW",1284
"GA-MaxProfitPerWeight_50_038.kp",0.454,0.542,0.634,546,613,NA,618,460,"MINW",618
"GA-MaxProfitPerWeight_50_039.kp",0.497,0.525,0.533,386,736,1420,859,466,"MAXPW",1420
"GA-MaxProfitPerWeight_50_040.kp",0.474,0.501,0.571,537,621,1218,639,451,"MAXPW",1218
"GA-MaxProfitPerWeight_50_041.kp",0.466,0.541,0.561,412,624,NA,656,545,"MINW",656
"GA-MaxProfitPerWeight_50_042.kp",0.4,0.559,0.604,473,862,NA,898,454,"MINW",898
"GA-MaxProfitPerWeight_50_043.kp",0.436,0.501,0.49,622,730,1510,882,583,"MAXPW",1510
"GA-MaxProfitPerWeight_50_044.kp",0.493,0.578,0.648,430,838,1425,NA,476,"MAXPW",1425
"GA-MaxProfitPerWeight_50_045.kp",0.44,0.517,0.61,617,844,1441,916,NA,"MAXPW",1441
"GA-MaxProfitPerWeight_50_046.kp",0.505,0.56,0.535,182,854,1394,845,464,"MAXPW",1394
"GA-MaxProfitPerWeight_50_047.kp",0.476,0.561,0.665,NA,583,1236,679,460,"MAXPW",1236
"GA-MaxProfitPerWeight_50_048.kp",0.448,0.584,0.699,NA,657,1254,620,469,"MAXPW",1254
"GA-MaxProfitPerWeight_50_049.kp",0.474,0.542,0.649,609,627,1244,708,556,"MAXPW",1244
"GA-MaxProfitPerWeight_50_050.kp",0.416,0.506,0.611,420,838,1457,836,581,"MAXPW",1457
"GA-MaxProfitPerWeight_50_051.kp",0.468,0.499,0.546,288,518,1301,587,492,"MAXPW",1301
"GA-MaxProfitPerWeight_50_052.kp",0.451,0.558,0.599,NA,726,1415,751,445,"MAXPW",1415
"GA-MaxProfitPerWeight_50_053.kp",0.492,0.511,0.575,617,845,1446,870,480,"MAXPW",1446
"GA-MaxProfitPerWeight_50_054.kp",0.517,0.527,0.594,399,501,1295,684,NA,"MAXPW",1295
"GA-MaxProfitPerWeight_50_055.kp",0.451,0.56,0.624,536,NA,1369,719,486,"MAXPW",1369
"GA-MaxProfitPerWeight_50_056.kp",0.48,0.481,0.516,368,712,1234,NA,481,"MAXPW",1234
"GA-MaxProfitPerWeight_50_057.kp",0.456,0.484,0.585,359,687,1408,714,491,"MAXPW",1408
"GA-MaxProfitPerWeight_50_058.kp",0.412,0.484,0.518,354,NA,1449,736,463,"MAXPW",1449
"GA-MaxProfitPerWeight_50_059.kp",0.532,0.508,0.49,295,733,1368,843,540,"MAXPW",1368
"GA-MaxProfitPerWeight_50_060.kp",0.412,0.518,0.595,503,843,1490,786,NA,"MAXPW",1490
"GA-MaxProfitPerWeight_50_061.kp",0.412,0.512,0.441,437,856,NA,836,547,"MAXP",856
"GA-MaxProfitPerWeight_50_062.kp",0.422,0.532,0.636,307,736,NA,786,481,"MINW",786
"GA-MaxProfitPerWeight_50_063.kp",0.417,0.544,0.595,620,730,1426,808,532,"MAXPW",1426
"GA-MaxProfitPerWeight_50_064.kp",0.45,0.512,0.566,550,717,1373,736,591,"MAXPW",1373
"GA-MaxProfitPerWeight_50_065.kp",0.429,0.531,0.64,537,505,1373,661,495,"MAXPW",1373
"GA-MaxProfitPerWeight_50_066.kp",0.535,0.538,0.554,442,744,1342,768,NA,"MAXPW",1342
"GA-MaxProfitPerWeight_50_067.kp",0.439,0.478,0.581,607,706,1325,NA,597,"MAXPW",1325
"GA-MaxProfitPerWeight_50_068.kp",0.421,0.496,0.537,667,732,1510,881,NA,"MAXPW",1510
"GA-MaxProfitPerWeight_50_069.kp",0.407,0.53,0.558,NA,1043,1626,1046,460,"MAXPW",1626
"GA-MaxProfitPerWeight_50_070.kp",0.47,0.571,0.517,392,732,1476,916,589,"MAXPW",1476
"GA-MaxProfitPerWeight_50_071.kp",0.512,0.514,0.53,342,622,1402,828,592,"MAXPW",1402
"GA-MaxProfitPerWeight_50_072.kp",0.47,0.517,0.548,538,627,1324,722,501,"MAXPW",1324
"GA-MaxProfitPerWeight_50_073.kp",0.455,0.551,0.515,770,1085,NA,1051,475,"MAXP",1085
"GA-MaxProfitPerWeight_50_074.kp",0.469,0.572,0.625,404,NA,1409,845,462,"MAXPW",1409
"GA-MaxProfitPerWeight_50_075.kp",0.495,0.524,0.574,337,640,1288,594,493,"MAXPW",1288
"GA-MaxProfitPerWeight_50_076.kp",0.455,0.538,0.492,509,716,1376,813,482,"MAXPW",1376
"GA-MaxProfitPerWeight_50_077.kp",0.46,0.547,0.552,381,843,1502,917,471,"MAXPW",1502
"GA-MaxProfitPerWeight_50_078.kp",0.416,0.535,0.522,460,1053,1668,1050,588,"MAXPW",1668
"GA-MaxProfitPerWeight_50_079.kp",0.46,0.576,0.615,314,725,1486,NA,462,"MAXPW",1486
"GA-MaxProfitPerWeight_50_080.kp",0.449,0.55,0.642,362,875,1386,858,619,"MAXPW",1386
"GA-MaxProfitPerWeight_50_081.kp",0.502,0.546,0.597,524,622,1341,728,577,"MAXPW",1341
"GA-MaxProfitPerWeight_50_082.kp",0.425,0.53,0.611,403,NA,1389,781,502,"MAXPW",1389
"GA-MaxProfitPerWeight_50_083.kp",0.461,0.551,0.668,404,689,1320,740,491,"MAXPW",1320
"GA-MaxProfitPerWeight_50_084.kp",0.441,0.532,0.66,521,NA,1450,884,444,"MAXPW",1450
"GA-MaxProfitPerWeight_50_085.kp",0.432,0.504,0.646,NA,633,1444,822,504,"MAXPW",1444
"GA-MaxProfitPerWeight_50_086.kp",0.485,0.502,0.661,361,743,1335,NA,565,"MAXPW",1335
"GA-MaxProfitPerWeight_50_087.kp",0.479,0.559,0.484,843,763,1638,964,NA,"MAXPW",1638
"GA-MaxProfitPerWeight_50_088.kp",0.441,0.532,0.623,368,739,1443,814,494,"MAXPW",1443
"GA-MaxProfitPerWeight_50_089.kp",0.517,0.447,0.569,352,728,1269,732,469,"MAXPW",1269
"GA-MaxProfitPerWeight_50_090.kp",0.559,0.477,0.549,487,631,1202,630,496,"MAXPW",1202
"GA-MaxProfitPerWeight_50_091.kp",0.461,0.496,0.612,372,748,1365,801,486,"MAXPW",1365
"GA-MaxProfitPerWeight_50_092.kp",0.474,0.514,0.588,320,751,1334,762,NA,"MAXPW",1334
"GA-MaxProfitPerWeight_50_093.kp",0.383,0.519,0.568,540,957,1657,1074,471,"MAXPW",1657
"GA-MaxProfitPerWeight_50_094.kp",0.481,0.523,0.626,503,621,1257,644,575,"MAXPW",1257
"GA-MaxProfitPerWeight_50_095.kp",0.474,0.546,0.578,482,632,1413,718,462,"MAXPW",1413
"GA-MaxProfitPerWeight_50_096.kp",0.471,0.535,0.622,303,721,1371,798,582,"MAXPW",1371
"GA-MaxProfitPerWeight_50_097.kp",0.444,0.588,0.558,512,882,1617,947,502,"MAXPW",1617
"GA-MaxProfitPerWeight_50_098.kp",0.479,0.53,0.65,485,565,NA,642,503,"MINW",642
"GA-MaxProfitPerWeight_50_099.kp",0.388,0.501,0.61,479,NA,1457,893,435,"MAXPW",1457
"GA-MaxProfit_50_000.kp",0.62,0.428,0.409,247,851,799,665,522,"MAXP",851
"GA-MaxProfit_50_001.kp",0.566,0.493,0.425,663,1261,1210,1084,NA,"MAXP",1261
"GA-MaxProfit_50_002.kp",0.598,0.529,0.412,375,NA,1041,800,431,"MAXPW",1041
"GA-MaxProfit_50_003.kp",0.608,0.406,0.423,431,NA,1001,780,518,"MAXPW",1001
"GA-MaxProfit_50_004.kp",0.576,0.453,0.478,352,1051,1009,715,385,"MAXP",1051
"GA-MaxProfit_50_005.kp",0.577,0.514,0.356,451,1505,1465,1389,402,"MAXP",1505
"GA-MaxProfit_50_006.kp",0.616,0.451,0.395,305,1077,1041,857,442,"MAXP",1077
"GA-MaxProfit_50_007.kp",0.573,0.364,0.578,170,NA,762,481,409,"MAXPW",762
"GA-MaxProfit_50_008.kp",0.574,0.365,0.449,273,960,927,771,410,"MAXP",960
"GA-MaxProfit_50_009.kp",0.549,0.513,0.54,NA,1185,1158,939,432,"MAXP",1185
"GA-MaxProfit_50_010.kp",0.532,0.462,0.322,581,1514,NA,1449,490,"MAXP",1514
"GA-MaxProfit_50_011.kp",0.605,0.485,0.512,266,782,752,NA,439,"MAXP",782
"GA-MaxProfit_50_012.kp",0.652,0.501,0.449,528,939,913,644,NA,"MAXP",939
"GA-MaxProfit_50_013.kp",0.667,0.455,0.292,246,1050,995,820,422,"MAXP",1050
"GA-MaxProfit_50_014.kp",0.586,0.474,0.483,307,1143,1080,965,443,"MAXP",1143
"GA-MaxProfit_50_015.kp",0.644,0.507,0.536,NA,980,947,765,419,"MAXP",980
"GA-MaxProfit_50_016.kp",0.605,0.428,0.355,496,955,NA,798,570,"MAXP",955
"GA-MaxProfit_50_017.kp",0.6,0.512,0.449,NA,958,935,790,457,"MAXP",958
"GA-MaxProfit_50_018.kp",0.497,0.485,0.43,456,1542,1492,1210,547,"MAXP",1542
"GA-MaxProfit_50_019.kp",0.6,0.434,0.397,211,1188,1158,1068,406,"MAXP",1188
"GA-MaxProfit_50_020.kp",0.594,0.52,0.325,NA,1180,1142,1005,405,"MAXP",1180
"GA-MaxProfit_50_021.kp",0.575,0.448,0.375,293,988,952,808,569,"MAXP",988
"GA-MaxProfit_50_022.kp",0.654,0.441,0.517,472,835,798,570,440,"MAXP",835
"GA-MaxProfit_50_023.kp",0.589,0.499,0.429,NA,1143,1095,844,406,"MAXP",1143
"GA-MaxProfit_50_024.kp",0.556,0.496,0.376,468,1327,1297,1166,417,"MAXP",1327
"GA-MaxProfit_50_025.kp",0.613,0.391,0.4,283,937,861,796,391,"MAXP",937
"GA-MaxProfit_50_026.kp",0.565,0.463,0.544,291,835,805,451,563,"MAXP",835
"GA-MaxProfit_50_027.kp",0.656,0.447,0.456,172,908,856,656,NA,"MAXP",908
"GA-MaxProfit_50_028.kp",0.544,0.367,0.448,459,1088,1036,925,515,"MAXP",1088
"GA-MaxProfit_50_029.kp",0.52,0.472,0.539,404,1188,1155,855,513,"MAXP",1188
"GA-MaxProfit_50_030.kp",0.636,0.462,0.535,581,795,736,NA,552,"MAXP",795
"GA-MaxProfit_50_031.kp",0.605,0.479,0.291,566,1216,1165,NA,535,"MAXP",1216
"GA-MaxProfit_50_032.kp",0.606,0.519,0.356,NA,1240,1201,1048,522,"MAXP",1240
"GA-MaxProfit_50_033.kp",0.598,0.524,0.443,438,1105,1049,945,596,"MAXP",1105
"GA-MaxProfit_50_034.kp",0.589,0.432,0.484,321,1055,1013,734,602,"MAXP",1055
"GA-MaxProfit_50_035.kp",0.486,0.5,0.446,548,1406,1364,1202,433,"MAXP",1406
"GA-MaxProfit_50_036.kp",0.506,0.467,0.398,827,1408,1351,1164,NA,"MAXP",1408
"GA-MaxProfit_50_037.kp",0.525,0.471,0.513,456,NA,1160,987,494,"MAXPW",1160
"GA-MaxProfit_50_038.kp",0.547,0.434,0.507,NA,1007,976,514,475,"MAXP",1007
"GA-MaxProfit_50_039.kp",0.654,0.471,0.474,393,795,NA,605,445,"MAXP",795
"GA-MaxProfit_50_040.kp",0.573,0.431,0.48,287,1177,1128,943,430,"MAXP",1177
"GA-MaxProfit_50_041.kp",0.581,0.38,0.337,560,1185,1147,922,499,"MAXP",1185
"GA-MaxProfit_50_042.kp",0.608,0.464,0.557,548,963,934,763,479,"MAXP",963
"GA-MaxProfit_50_043.kp",0.516,0.474,0.489,725,1279,NA,1051,519,"MAXP",1279
"GA-MaxProfit_50_044.kp",0.634,0.542,0.539,NA,1037,990,777,459,"MAXP",1037
"GA-MaxProfit_50_045.kp",0.589,0.438,0.489,302,931,880,689,462,"MAXP",931
"GA-MaxProfit_50_046.kp",0.624,0.481,0.343,564,1092,1049,955,440,"MAXP",1092
"GA-MaxProfit_50_047.kp",0.588,0.478,0.415,388,1108,1081,710,538,"MAXP",1108
"GA-MaxProfit_50_048.kp",0.545,0.434,0.424,456,1232,1180,961,NA,"MAXP",1232
"GA-MaxProfit_50_049.kp",0.59,0.506,0.402,225,1206,1159,1159,434,"MAXP",1206
"GA-MaxProfit_50_050.kp",0.626,0.522,0.364,615,1235,1198,1008,NA,"MAXP",1235
"GA-MaxProfit_50_051.kp",0.506,0.444,0.57,NA,1191,1153,817,451,"MAXP",1191
"GA-MaxProfit_50_052.kp",0.559,0.43,0.415,409,1140,1114,926,553,"MAXP",1140
"GA-MaxProfit_50_053.kp",0.536,0.484,0.444,427,1150,1121,843,521,"MAXP",1150
"GA-MaxProfit_50_054.kp",0.565,0.395,0.439,438,1059,1007,692,478,"MAXP",1059
"GA-MaxProfit_50_055.kp",0.674,0.524,0.517,321,879,839,652,399,"MAXP",879
"GA-MaxProfit_50_056.kp",0.579,0.424,0.409,287,1178,1132,1047,484,"MAXP",1178
"GA-MaxProfit_50_057.kp",0.708,0.455,0.27,341,898,841,774,558,"MAXP",898
"GA-MaxProfit_50_058.kp",0.62,0.452,0.479,279,985,956,575,NA,"MAXP",985
"GA-MaxProfit_50_059.kp",0.581,0.415,0.398,514,1012,968,NA,417,"MAXP",1012
"GA-MaxProfit_50_060.kp",0.5,0.426,0.478,410,1185,NA,924,621,"MAXP",1185
"GA-MaxProfit_50_061.kp",0.59,0.521,0.471,470,1147,NA,1008,438,"MAXP",1147
"GA-MaxProfit_50_062.kp",0.564,0.457,0.449,512,1004,972,687,513,"MAXP",1004
"GA-MaxProfit_50_063.kp",0.614,0.479,0.468,377,911,873,734,406,"MAXP",911
"GA-MaxProfit_50_064.kp",0.615,0.455,0.608,NA,911,880,609,526,"MAXP",911
"GA-MaxProfit_50_065.kp",0.562,0.453,0.513,311,NA,980,445,393,"MAXPW",980
"GA-MaxProfit_50_066.kp",0.576,0.444,0.337,557,1157,1090,990,NA,"MAXP",1157
"GA-MaxProfit_50_067.kp",0.605,0.43,0.316,559,1078,1026,NA,619,"MAXP",1078
"GA-MaxProfit_50_068.kp",0.532,0.408,0.371,417,1196,1157,829,652,"MAXP",1196
"GA-MaxProfit_50_069.kp",0.634,0.416,0.374,469,849,808,NA,365,"MAXP",849
"GA-MaxProfit_50_070.kp",0.591,0.429,0.423,645,NA,988,790,522,"MAXPW",988
"GA-MaxProfit_50_071.kp",0.604,0.445,0.435,354,NA,938,768,417,"MAXPW",938
"GA-MaxProfit_50_072.kp",0.565,0.498,0.396,550,1327,1272,1063,388,"MAXP",1327
"GA-MaxProfit_50_073.kp",0.646,0.438,0.502,333,NA,873,720,465,"MAXPW",873
"GA-MaxProfit_50_074.kp",0.608,0.5,0.317,417,1061,1011,875,586,"MAXP",1061
"GA-MaxProfit_50_075.kp",0.586,0.425,0.411,491,NA,916,851,549,"MAXPW",916
"GA-MaxProfit_50_076.kp",0.601,0.488,0.279,572,1316,1260,1260,515,"MAXP",1316
"GA-MaxProfit_50_077.kp",0.61,0.517,0.427,495,1009,971,908,469,"MAXP",1009
"GA-MaxProfit_50_078.kp",0.549,0.502,0.302,289,1376,1321,NA,369,"MAXP",1376
"GA-MaxProfit_50_079.kp",0.569,0.419,0.494,NA,1075,1042,775,553,"MAXP",1075
"GA-MaxProfit_50_080.kp",0.608,0.467,0.576,175,840,819,630,440,"MAXP",840
"GA-MaxProfit_50_081.kp",0.63,0.452,0.411,337,976,950,780,425,"MAXP",976
"GA-MaxProfit_50_082.kp",0.585,0.358,0.426,214,888,856,593,507,"MAXP",888
"GA-MaxProfit_50_083.kp",0.51,0.448,0.359,461,1378,1336,NA,368,"MAXP",1378
"GA-MaxProfit_50_084.kp",0.596,0.49,0.516,431,903,870,738,464,"MAXP",903
"GA-MaxProfit_50_085.kp",0.564,0.493,0.396,312,1269,1242,1169,NA,"MAXP",1269
"GA-MaxProfit_50_086.kp",0.537,0.428,0.33,329,1222,1193,935,520,"MAXP",1222
"GA-MaxProfit_50_087.kp",0.56,0.395,0.305,628,NA,1140,964,371,"MAXPW",1140
"GA-MaxProfit_50_088.kp",0.555,0.514,0.506,487,1010,970,NA,374,"MAXP",1010
"GA-MaxProfit_50_089.kp",0.571,0.453,0.427,500,1194,1161,921,510,"MAXP",1194
"GA-MaxProfit_50_090.kp",0.586,0.377,0.438,186,911,860,NA,553,"MAXP",911
"GA-MaxProfit_50_091.kp",0.618,0.512,0.404,NA,1152,1097,1030,423,"MAXP",1152
"GA-MaxProfit_50_092.kp",0.591,0.432,0.333,426,1149,1098,NA,391,"MAXP",1149
"GA-MaxProfit_50_093.kp",0.517,0.542,0.27,488,1274,1256,1244,605,"MAXP",1274
"GA-MaxProfit_50_094.kp",0.615,0.496,0.359,477,1053,1010,958,517,"MAXP",1053
"GA-MaxProfit_50_095.kp",0.556,0.505,0.41,544,1172,1123,1076,397,"MAXP",1172
"GA-MaxProfit_50_096.kp",0.62,0.383,0.525,296,793,NA,616,513,"MAXP",793
"GA-MaxProfit_50_097.kp",0.542,0.471,0.424,196,1142,1110,NA,488,"MAXP",1142
"GA-MaxProfit_50_098.kp",0.515,0.478,0.446,190,1175,1138,979,364,"MAXP",1175
"GA-MaxProfit_50_099.kp",0.59,0.452,0.432,NA,1211,1147,1082,417,"MAXP",1211
"GA-MinWeight_50_000.kp",0.57,0.578,0.357,504,1086,1399,1457,NA,"MINW",1457
"GA-MinWeight_50_001.kp",0.535,0.568,0.512,561,930,1239,1284,451,"MINW",1284
"GA-MinWeight_50_002.kp",0.56,0.534,0.362,666,1187,1389,1460,NA,"MINW",1460
"GA-MinWeight_50_003.kp",0.532,0.599,0.406,647,1133,1382,1439,421,"MINW",1439
"GA-MinWeight_50_004.kp",0.568,0.671,0.382,NA,856,1402,1464,447,"MINW",1464
"GA-MinWeight_50_005.kp",0.604,0.542,0.333,644,825,1219,1300,NA,"MINW",1300
"GA-MinWeight_50_006.kp",0.635,0.586,0.483,607,871,1064,1105,439,"MINW",1105
"GA-MinWeight_50_007.kp",0.544,0.634,0.378,652,851,1348,1425,NA,"MINW",1425
"GA-MinWeight_50_008.kp",0.59,0.563,0.409,576,976,1175,1250,568,"MINW",1250
"GA-MinWeight_50_009.kp",0.541,0.609,0.515,697,658,NA,1232,447,"MINW",1232
"GA-MinWeight_50_010.kp",0.58,0.501,0.44,488,783,1095,1157,567,"MINW",1157
"GA-MinWeight_50_011.kp",0.593,0.589,0.307,297,987,1271,NA,422,"MAXPW",1271
"GA-MinWeight_50_012.kp",0.641,0.576,0.376,469,NA,1227,1281,515,"MINW",1281
"GA-MinWeight_50_013.kp",0.573,0.557,0.37,474,944,1343,1392,NA,"MINW",1392
"GA-MinWeight_50_014.kp",0.53,0.542,0.491,417,685,1159,1187,547,"MINW",1187
"GA-MinWeight_50_015.kp",0.527,0.579,0.368,443,1024,1381,1461,465,"MINW",1461
"GA-MinWeight_50_016.kp",0.554,0.637,0.435,NA,818,1388,1430,618,"MINW",1430
"GA-MinWeight_50_017.kp",0.583,0.554,0.429,422,696,1121,1174,449,"MINW",1174
"GA-MinWeight_50_018.kp",0.571,0.571,0.509,579,859,NA,1155,456,"MINW",1155
"GA-MinWeight_50_019.kp",0.51,0.55,0.353,675,1043,1555,1616,564,"MINW",1616
"GA-MinWeight_50_020.kp",0.566,0.553,0.326,427,617,NA,1520,477,"MINW",1520
"GA-MinWeight_50_021.kp",0.486,0.588,0.39,365,1066,NA,1629,544,"MINW",1629
"GA-MinWeight_50_022.kp",0.451,0.633,0.555,534,808,1516,1564,499,"MINW",1564
"GA-MinWeight_50_023.kp",0.56,0.585,0.453,557,965,1205,1231,470,"MINW",1231
"GA-MinWeight_50_024.kp",0.504,0.529,0.385,583,603,1326,1361,NA,"MINW",1361
"GA-MinWeight_50_025.kp",0.547,0.582,0.471,451,672,1187,1251,NA,"MINW",1251
"GA-MinWeight_50_026.kp",0.627,0.679,0.502,178,634,1112,1177,621,"MINW",1177
"GA-MinWeight_50_027.kp",0.574,0.577,0.541,619,715,1192,1241,NA,"MINW",1241
"GA-MinWeight_50_028.kp",0.551,0.506,0.436,414,704,1105,1152,481,"MINW",1152
"GA-MinWeight_50_029.kp",0.455,0.584,0.367,667,932,1696,1725,463,"MINW",1725
"GA-MinWeight_50_030.kp",0.561,0.598,0.389,NA,745,1388,1466,615,"MINW",1466
"GA-MinWeight_50_031.kp",0.621,0.573,0.378,426,NA,1016,1061,485,"MINW",1061
"GA-MinWeight_50_032.kp",0.502,0.564,0.433,608,1113,NA,1465,420,"MINW",1465
"GA-MinWeight_50_033.kp",0.61,0.557,0.37,581,724,1032,1074,NA,"MINW",1074
"GA-MinWeight_50_034.kp",0.601,0.573,0.499,570,504,1119,NA,608,"MAXPW",1119
"GA-MinWeight_50_035.kp",0.579,0.613,0.318,419,NA,1311,1383,437,"MINW",1383
"GA-MinWeight_50_036.kp",0.532,0.591,0.241,782,1498,1582,NA,517,"MAXPW",1582
"GA-MinWeight_50_037.kp",0.536,0.643,0.47,843,935,1446,1494,445,"MINW",1494
"GA-MinWeight_50_038.kp",0.552,0.513,0.424,477,584,1026,NA,461,"MAXPW",1026
"GA-MinWeight_50_039.kp",0.59,0.549,0.442,694,489,1186,1213,435,"MINW",1213
"GA-MinWeight_50_040.kp",0.625,0.532,0.491,622,713,955,1005,587,"MINW",1005
"GA-MinWeight_50_041.kp",0.619,0.619,0.456,NA,590,1157,1200,455,"MINW",1200
"GA-MinWeight_50_042.kp",0.589,0.548,0.522,673,700,1046,NA,487,"MAXPW",1046
"GA-MinWeight_50_043.kp",0.504,0.628,0.343,585,1057,NA,1684,462,"MINW",1684
"GA-MinWeight_50_044.kp",0.519,0.493,0.323,216,1000,1478,1525,NA,"MINW",1525
"GA-MinWeight_50_045.kp",0.527,0.578,0.341,688,1009,1353,1397,570,"MINW",1397
"GA-MinWeight_50_046.kp",0.61,0.597,0.42,434,NA,1170,1227,418,"MINW",1227
"GA-MinWeight_50_047.kp",0.588,0.524,0.436,NA,782,1052,1105,427,"MINW",1105
"GA-MinWeight_50_048.kp",0.61,0.579,0.562,429,616,1099,1149,482,"MINW",1149
"GA-MinWeight_50_049.kp",0.525,0.535,0.319,516,1004,NA,1372,369,"MINW",1372
"GA-MinWeight_50_050.kp",0.547,0.599,0.394,709,941,1525,NA,489,"MAXPW",1525
"GA-MinWeight_50_051.kp",0.598,0.563,0.297,509,1026,1231,1304,NA,"MINW",1304
"GA-MinWeight_50_052.kp",0.544,0.603,0.457,533,863,1381,1416,490,"MINW",1416
"GA-MinWeight_50_053.kp",0.576,0.622,0.383,488,829,1259,1310,NA,"MINW",1310
"GA-MinWeight_50_054.kp",0.485,0.63,0.545,685,831,1485,1539,558,"MINW",1539
"GA-MinWeight_50_055.kp",0.531,0.576,0.373,737,846,1411,1439,467,"MINW",1439
"GA-MinWeight_50_056.kp",0.55,0.553,0.298,NA,968,1389,1452,564,"MINW",1452
"GA-MinWeight_50_057.kp",0.525,0.563,0.385,590,907,1342,1393,NA,"MINW",1393
"GA-MinWeight_50_058.kp",0.588,0.544,0.432,NA,533,1087,1139,509,"MINW",1139
"GA-MinWeight_50_059.kp",0.504,0.61,0.244,593,1202,1616,1667,474,"MINW",1667
"GA-MinWeight_50_060.kp",0.519,0.549,0.329,701,1106,1327,1389,532,"MINW",1389
"GA-MinWeight_50_061.kp",0.594,0.532,0.41,634,596,1200,1246,487,"MINW",1246
"GA-MinWeight_50_062.kp",0.539,0.601,0.533,708,864,NA,1174,459,"MINW",1174
"GA-MinWeight_50_063.kp",0.479,0.632,0.301,617,1538,1770,1827,424,"MINW",1827
"GA-MinWeight_50_064.kp",0.527,0.534,0.419,539,NA,1299,1356,422,"MINW",1356
"GA-MinWeight_50_065.kp",0.581,0.628,0.508,433,861,1108,1161,484,"MINW",1161
"GA-MinWeight_50_066.kp",0.535,0.511,0.426,155,NA,1262,1289,467,"MINW",1289
"GA-MinWeight_50_067.kp",0.522,0.52,0.432,NA,771,1269,1318,395,"MINW",1318
"GA-MinWeight_50_068.kp",0.547,0.646,0.455,NA,851,1402,1436,458,"MINW",1436
"GA-MinWeight_50_069.kp",0.575,0.582,0.342,838,937,1333,1404,460,"MINW",1404
"GA-MinWeight_50_070.kp",0.559,0.561,0.315,461,NA,1392,1446,452,"MINW",1446
"GA-MinWeight_50_071.kp",0.631,0.596,0.491,466,609,939,1012,384,"MINW",1012
"GA-MinWeight_50_072.kp",0.559,0.589,0.423,413,599,1256,1300,571,"MINW",1300
"GA-MinWeight_50_073.kp",0.56,0.615,0.33,423,1016,1511,1562,577,"MINW",1562
"GA-MinWeight_50_074.kp",0.469,0.598,0.494,912,938,1441,NA,416,"MAXPW",1441
"GA-MinWeight_50_075.kp",0.497,0.654,0.402,862,1197,1547,1612,435,"MINW",1612
"GA-MinWeight_50_076.kp",0.521,0.618,0.345,955,954,1680,1737,590,"MINW",1737
"GA-MinWeight_50_077.kp",0.609,0.558,0.318,NA,779,1151,1190,452,"MINW",1190
"GA-MinWeight_50_078.kp",0.578,0.581,0.352,876,839,1233,1259,447,"MINW",1259
"GA-MinWeight_50_079.kp",0.578,0.533,0.465,460,822,NA,1201,480,"MINW",1201
"GA-MinWeight_50_080.kp",0.571,0.538,0.501,503,887,1070,NA,401,"MAXPW",1070
"GA-MinWeight_50_081.kp",0.61,0.563,0.386,317,608,1011,1050,466,"MINW",1050
"GA-MinWeight_50_082.kp",0.571,0.628,0.328,911,981,1423,1485,604,"MINW",1485
"GA-MinWeight_50_083.kp",0.489,0.6,0.396,674,1246,1453,1516,601,"MINW",1516
"GA-MinWeight_50_084.kp",0.551,0.53,0.337,NA,1010,1409,1469,396,"MINW",1469
"GA-MinWeight_50_085.kp",0.514,0.589,0.408,765,1217,1559,1616,455,"MINW",1616
"GA-MinWeight_50_086.kp",0.544,0.605,0.4,NA,966,1483,1549,608,"MINW",1549
"GA-MinWeight_50_087.kp",0.554,0.521,0.318,585,900,1268,1320,576,"MINW",1320
"GA-MinWeight_50_088.kp",0.562,0.472,0.296,860,948,1449,1491,460,"MINW",1491
"GA-MinWeight_50_089.kp",0.604,0.599,0.475,450,610,935,966,593,"MINW",966
"GA-MinWeight_50_090.kp",0.575,0.597,0.429,925,1148,1431,1476,465,"MINW",1476
"GA-MinWeight_50_091.kp",0.607,0.593,0.435,656,612,1318,1390,571,"MINW",1390
"GA-MinWeight_50_092.kp",0.566,0.613,0.45,591,722,NA,1216,569,"MINW",1216
"GA-MinWeight_50_093.kp",0.545,0.526,0.471,644,785,1195,1244,491,"MINW",1244
"GA-MinWeight_50_094.kp",0.507,0.607,0.34,758,1077,NA,1530,445,"MINW",1530
"GA-MinWeight_50_095.kp",0.527,0.565,0.361,261,1119,1354,1393,396,"MINW",1393
"GA-MinWeight_50_096.kp",0.58,0.533,0.292,337,920,1230,1283,557,"MINW",1283
"GA-MinWeight_50_097.kp",0.573,0.571,0.403,613,844,1350,1391,NA,"MINW",1391
"GA-MinWeight_50_098.kp",0.559,0.476,0.36,701,942,1124,1186,386,"MINW",1186
"GA-MinWeight_50_099.kp",0.505,0.593,0.346,720,941,1456,1509,446,"MINW",1509
